path,sisnr-low,sisnr-high
vnceleb-8khz/716.wav,3.3491337299346924,6.0872578620910645
vnceleb-8khz/549.wav,6.7496209144592285,5.386362552642822
vnceleb-8khz/721.wav,0.00016490876441821456,6.395310878753662
vnceleb-8khz/717.wav,1.8518283367156982,2.641357183456421
vnceleb-8khz/333.wav,3.0726969242095947,0.005335232242941856
vnceleb-8khz/909.wav,1.0376330614089966,4.71269668196328e-05
vnceleb-8khz/309.wav,2.8531134128570557,1.5061914382386021e-06
vnceleb-8khz/125.wav,0.8703889846801758,2.5249314308166504
vnceleb-8khz/339.wav,5.800461769104004,2.53584623336792
vnceleb-8khz/613.wav,5.129315376281738,0.00020556210074573755
vnceleb-8khz/898.wav,3.1746623516082764,7.4602484703063965
vnceleb-8khz/535.wav,4.892786979675293,0.2952632009983063
vnceleb-8khz/938.wav,0.00017926226428244263,0.017783746123313904
vnceleb-8khz/835.wav,0.0005175599944777787,3.406428337097168
vnceleb-8khz/935.wav,2.931519031524658,0.00013139043585397303
vnceleb-8khz/380.wav,0.005921837408095598,0.011253902688622475
vnceleb-8khz/53.wav,0.007523205131292343,0.3482135832309723
vnceleb-8khz/195.wav,4.9844441413879395,5.103240013122559
vnceleb-8khz/903.wav,6.111997604370117,0.41413021087646484
vnceleb-8khz/399.wav,0.0009279635269194841,7.635002248207456e-07
vnceleb-8khz/224.wav,5.383789539337158,3.017597198486328
vnceleb-8khz/135.wav,2.9285717010498047,2.9530510902404785
vnceleb-8khz/916.wav,6.869474411010742,7.020442008972168
vnceleb-8khz/869.wav,0.03954838216304779,0.11312735080718994
vnceleb-8khz/615.wav,3.928504228591919,0.0003187979746144265
vnceleb-8khz/181.wav,9.020569801330566,0.03546036779880524
vnceleb-8khz/219.wav,0.5110976696014404,3.597198486328125
vnceleb-8khz/32.wav,6.6961259841918945,0.0006120500038377941
vnceleb-8khz/75.wav,3.6769473808817565e-05,0.01752149686217308
vnceleb-8khz/552.wav,2.1203675270080566,3.9659178256988525
vnceleb-8khz/988.wav,0.002459250157698989,0.048840031027793884
vnceleb-8khz/461.wav,3.3778849228838226e-06,5.429308891296387
vnceleb-8khz/695.wav,0.9037941098213196,0.03685203194618225
vnceleb-8khz/572.wav,2.1349081993103027,3.3769984245300293
vnceleb-8khz/326.wav,1.5297457139240578e-05,0.6227078437805176
vnceleb-8khz/332.wav,0.021506493911147118,3.7092957496643066
vnceleb-8khz/961.wav,4.5247392654418945,2.113100051879883
vnceleb-8khz/64.wav,4.915717124938965,0.0013490088749676943
vnceleb-8khz/91.wav,2.9516420364379883,4.643139362335205
vnceleb-8khz/88.wav,0.10368025302886963,0.0005323007935658097
vnceleb-8khz/789.wav,0.7546124458312988,3.0418922901153564
vnceleb-8khz/698.wav,2.5828170776367188,0.00347989983856678
vnceleb-8khz/310.wav,3.2781291007995605,4.2654032707214355
vnceleb-8khz/454.wav,6.021503448486328,5.221768379211426
vnceleb-8khz/788.wav,5.339487075805664,5.345449924468994
vnceleb-8khz/258.wav,3.7912631034851074,1.4223004995983501e-07
vnceleb-8khz/436.wav,3.656324863433838,1.3598061800003052
vnceleb-8khz/904.wav,2.3934779167175293,0.17851866781711578
vnceleb-8khz/278.wav,8.666528447065502e-05,8.546157914679497e-05
vnceleb-8khz/681.wav,3.982539653778076,3.3946595191955566
vnceleb-8khz/445.wav,5.0447845458984375,5.338335990905762
vnceleb-8khz/328.wav,5.733561992645264,0.010051356628537178
vnceleb-8khz/432.wav,1.5444365999428555e-05,4.2208251953125
vnceleb-8khz/17.wav,5.94498348236084,0.05137551203370094
vnceleb-8khz/888.wav,0.00028873083647340536,1.8476917743682861
vnceleb-8khz/625.wav,3.1697144508361816,0.3823172450065613
vnceleb-8khz/701.wav,0.0007608637097291648,0.047858282923698425
vnceleb-8khz/500.wav,3.7694066122639924e-05,6.861700534820557
vnceleb-8khz/825.wav,0.001413988065905869,6.126579284667969
vnceleb-8khz/192.wav,0.0010250560007989407,2.041316509246826
vnceleb-8khz/331.wav,0.38813191652297974,0.001410537981428206
vnceleb-8khz/427.wav,3.0442004203796387,0.9400177597999573
vnceleb-8khz/762.wav,3.182438850402832,0.15866248309612274
vnceleb-8khz/260.wav,0.1893041878938675,4.014648914337158
vnceleb-8khz/249.wav,2.5680623054504395,0.02771146222949028
vnceleb-8khz/180.wav,0.30213552713394165,4.0871992111206055
vnceleb-8khz/139.wav,6.46943473815918,7.508521556854248
vnceleb-8khz/759.wav,2.1706295013427734,2.736649751663208
vnceleb-8khz/498.wav,0.33135920763015747,0.0004984308034181595
vnceleb-8khz/917.wav,2.5442932383157313e-07,2.5196163733198773e-06
vnceleb-8khz/855.wav,6.685848236083984,6.316117763519287
vnceleb-8khz/311.wav,0.007066816091537476,2.115494728088379
vnceleb-8khz/960.wav,5.732043266296387,0.0014909672318026423
vnceleb-8khz/340.wav,4.873303413391113,2.529186076571932e-06
vnceleb-8khz/235.wav,0.1354842185974121,1.256537914276123
vnceleb-8khz/209.wav,5.962325096130371,2.6376895904541016
vnceleb-8khz/72.wav,5.479447841644287,9.09566915652249e-06
vnceleb-8khz/829.wav,4.939112186431885,0.9114097952842712
vnceleb-8khz/178.wav,0.973173975944519,4.704946041107178
vnceleb-8khz/232.wav,2.9088222980499268,1.8811274766921997
vnceleb-8khz/838.wav,0.0035697179846465588,0.00015178642934188247
vnceleb-8khz/570.wav,2.7634239196777344,2.477606773376465
vnceleb-8khz/449.wav,2.224191665649414,6.960815906524658
vnceleb-8khz/739.wav,5.645068168640137,6.857734680175781
vnceleb-8khz/300.wav,6.344540119171143,0.00842949841171503
vnceleb-8khz/67.wav,0.02965461276471615,0.22431907057762146
vnceleb-8khz/632.wav,5.669713497161865,1.4932382106781006
vnceleb-8khz/38.wav,4.458325386047363,3.2289857864379883
vnceleb-8khz/216.wav,0.00036516651744022965,7.5110249519348145
vnceleb-8khz/459.wav,9.95106315612793,0.05445755645632744
vnceleb-8khz/156.wav,2.7008392810821533,1.40366530418396
vnceleb-8khz/384.wav,6.322722434997559,3.6772117614746094
vnceleb-8khz/568.wav,0.06074797734618187,5.496495246887207
vnceleb-8khz/227.wav,4.575798511505127,0.14582915604114532
vnceleb-8khz/250.wav,0.006767193786799908,5.031478404998779
vnceleb-8khz/197.wav,3.6680779457092285,0.0016730093630030751
vnceleb-8khz/651.wav,4.396829128265381,8.527689715265296e-06
vnceleb-8khz/410.wav,8.696905136108398,2.959817886352539
vnceleb-8khz/769.wav,2.6812663078308105,1.1678028106689453
vnceleb-8khz/653.wav,2.8139262199401855,3.72835636138916
vnceleb-8khz/471.wav,4.546253204345703,0.9026601910591125
vnceleb-8khz/351.wav,9.518223762512207,8.597665786743164
vnceleb-8khz/577.wav,3.6828064918518066,9.70799732208252
vnceleb-8khz/12.wav,0.0011213611578568816,3.1697750091552734
vnceleb-8khz/911.wav,1.4054371604288463e-06,0.2811255156993866
vnceleb-8khz/58.wav,4.563659191131592,5.058009624481201
vnceleb-8khz/115.wav,0.00021851685596629977,0.017735494300723076
vnceleb-8khz/137.wav,6.250838756561279,6.068807125091553
vnceleb-8khz/453.wav,3.1037864685058594,1.343963384628296
vnceleb-8khz/754.wav,0.00038406081148423254,1.0967625379562378
vnceleb-8khz/288.wav,2.683394432067871,6.499390602111816
vnceleb-8khz/108.wav,1.5580060482025146,4.7120137214660645
vnceleb-8khz/926.wav,0.0068428125232458115,0.0013268529437482357
vnceleb-8khz/842.wav,2.793623447418213,8.42847728729248
vnceleb-8khz/851.wav,4.604827154253144e-06,0.013660436496138573
vnceleb-8khz/881.wav,3.9322125911712646,3.540895462036133
vnceleb-8khz/76.wav,4.8083086013793945,3.9661107063293457
vnceleb-8khz/266.wav,4.403469562530518,0.7587316036224365
vnceleb-8khz/112.wav,4.1310505867004395,0.7449864745140076
vnceleb-8khz/162.wav,7.606015205383301,0.002574039390310645
vnceleb-8khz/602.wav,0.000365566840628162,4.5793452585485284e-08
vnceleb-8khz/238.wav,2.9913721084594727,2.021062573476229e-05
vnceleb-8khz/31.wav,0.13326382637023926,5.283660888671875
vnceleb-8khz/753.wav,0.0007646831218153238,0.09656001627445221
vnceleb-8khz/206.wav,4.287359843146987e-06,0.004505267832428217
vnceleb-8khz/697.wav,1.804152011871338,4.157862186431885
vnceleb-8khz/374.wav,7.017078876495361,0.0731891468167305
vnceleb-8khz/726.wav,1.7482495307922363,4.275732517242432
vnceleb-8khz/505.wav,3.77058531739749e-05,3.8919072409271394e-08
vnceleb-8khz/742.wav,5.185365200042725,6.722415491822176e-06
vnceleb-8khz/423.wav,1.7727699279785156,1.080742597579956
vnceleb-8khz/140.wav,0.00016687872994225472,8.396081924438477
vnceleb-8khz/846.wav,1.7055752277374268,0.003732554381713271
vnceleb-8khz/841.wav,1.4584019184112549,1.7615472078323364
vnceleb-8khz/307.wav,0.4861673414707184,5.9593305587768555
vnceleb-8khz/817.wav,2.9572548866271973,5.8813276290893555
vnceleb-8khz/745.wav,0.014777325093746185,0.0006241363007575274
vnceleb-8khz/49.wav,0.0008414940675720572,1.3291351795196533
vnceleb-8khz/816.wav,0.6816763281822205,4.508547306060791
vnceleb-8khz/485.wav,0.2999840974807739,8.459447860717773
vnceleb-8khz/776.wav,0.9135012626647949,0.017605526372790337
vnceleb-8khz/306.wav,2.81219744682312,0.46397602558135986
vnceleb-8khz/737.wav,4.554167747497559,7.278532981872559
vnceleb-8khz/668.wav,0.0015327376313507557,2.007483720779419
vnceleb-8khz/514.wav,7.293083190917969,0.0002012890763580799
vnceleb-8khz/847.wav,7.91151237487793,4.742759704589844
vnceleb-8khz/196.wav,1.667693853378296,0.05835834518074989
vnceleb-8khz/691.wav,5.898561000823975,2.6608989238739014
vnceleb-8khz/476.wav,9.042641977430321e-06,8.692810661159456e-05
vnceleb-8khz/299.wav,0.11727041006088257,4.705174922943115
vnceleb-8khz/757.wav,4.462992191314697,4.419995307922363
vnceleb-8khz/902.wav,1.2042385339736938,0.24297881126403809
vnceleb-8khz/21.wav,0.15192845463752747,1.8842616081237793
vnceleb-8khz/110.wav,1.2934501683048438e-05,2.6640714168024715e-06
vnceleb-8khz/646.wav,4.56351900100708,3.7444634437561035
vnceleb-8khz/496.wav,9.344707489013672,9.48921012878418
vnceleb-8khz/735.wav,1.4732158184051514,7.759456157684326
vnceleb-8khz/493.wav,0.6433781981468201,6.651516437530518
vnceleb-8khz/693.wav,6.302035331726074,1.3590505123138428
vnceleb-8khz/286.wav,2.2309775352478027,9.917531967163086
vnceleb-8khz/285.wav,5.159149646759033,4.637504577636719
vnceleb-8khz/501.wav,6.500083923339844,0.00015734817134216428
vnceleb-8khz/856.wav,4.703922271728516,3.870443105697632
vnceleb-8khz/728.wav,5.478992938995361,3.891369342803955
vnceleb-8khz/371.wav,3.5572803020477295,4.885794639587402
vnceleb-8khz/463.wav,3.2177340984344482,5.433459281921387
vnceleb-8khz/69.wav,4.331602096557617,2.0499088764190674
vnceleb-8khz/738.wav,5.7706170082092285,0.01860767975449562
vnceleb-8khz/276.wav,4.15278434753418,3.562368392944336
vnceleb-8khz/868.wav,4.780345916748047,0.8216569423675537
vnceleb-8khz/968.wav,0.3358992338180542,0.0008399339276365936
vnceleb-8khz/718.wav,0.019237304106354713,0.26464924216270447
vnceleb-8khz/403.wav,4.972908020019531,3.5122456550598145
vnceleb-8khz/297.wav,2.2856016159057617,3.2273621559143066
vnceleb-8khz/248.wav,6.003159523010254,8.797230839263648e-05
vnceleb-8khz/230.wav,8.684932708740234,1.5959815868882288e-07
vnceleb-8khz/193.wav,4.891324996948242,0.005288571119308472
vnceleb-8khz/422.wav,4.753256320953369,1.2954161167144775
vnceleb-8khz/37.wav,2.5192809104919434,5.411521911621094
vnceleb-8khz/165.wav,3.961876630783081,7.026520729064941
vnceleb-8khz/977.wav,1.8145830631256104,3.8646159172058105
vnceleb-8khz/783.wav,3.312208890914917,0.0010343259200453758
vnceleb-8khz/164.wav,2.0521881416435406e-10,1.2575805187225342
vnceleb-8khz/318.wav,0.5818896889686584,0.22389143705368042
vnceleb-8khz/283.wav,0.04274371266365051,2.8948214054107666
vnceleb-8khz/924.wav,0.9941137433052063,0.26701170206069946
vnceleb-8khz/699.wav,7.624934196472168,0.00010073028533952311
vnceleb-8khz/263.wav,1.1419819593429565,0.015297556295990944
vnceleb-8khz/994.wav,0.46160459518432617,1.5004140138626099
vnceleb-8khz/349.wav,1.3259916305541992,1.3632633910631853e-10
vnceleb-8khz/376.wav,2.1630213176138113e-09,2.647302608238533e-06
vnceleb-8khz/160.wav,0.003261412028223276,1.7409474849700928
vnceleb-8khz/930.wav,8.447297096252441,6.745641708374023
vnceleb-8khz/562.wav,5.527927398681641,2.77197265625
vnceleb-8khz/974.wav,6.080499649047852,7.183182716369629
vnceleb-8khz/840.wav,6.563004970550537,7.772893905639648
vnceleb-8khz/330.wav,1.0083673000335693,1.1241493225097656
vnceleb-8khz/907.wav,0.0928712710738182,3.649993595900014e-05
vnceleb-8khz/126.wav,2.663403211045079e-05,0.06163448467850685
vnceleb-8khz/404.wav,2.965318202972412,0.35459017753601074
vnceleb-8khz/661.wav,0.001520309830084443,0.00013229621981736273
vnceleb-8khz/202.wav,0.9253250956535339,7.753178596496582
vnceleb-8khz/504.wav,3.9314076900482178,1.969397783279419
vnceleb-8khz/138.wav,5.027166366577148,0.6360962986946106
vnceleb-8khz/972.wav,4.988457679748535,1.383711338043213
vnceleb-8khz/8.wav,5.483893871307373,0.05763032287359238
vnceleb-8khz/876.wav,0.0004085322143509984,0.25079992413520813
vnceleb-8khz/431.wav,2.7430663108825684,5.7432098388671875
vnceleb-8khz/437.wav,8.108602523803711,2.941408157348633
vnceleb-8khz/458.wav,5.260190486907959,6.124351501464844
vnceleb-8khz/676.wav,7.662441730499268,0.7611463069915771
vnceleb-8khz/710.wav,0.21076703071594238,2.1042425632476807
vnceleb-8khz/298.wav,0.008154048584401608,0.04813702777028084
vnceleb-8khz/363.wav,5.1222686767578125,0.00018032667867373675
vnceleb-8khz/56.wav,4.253323078155518,2.7564806938171387
vnceleb-8khz/775.wav,1.2851430177688599,7.629899501800537
vnceleb-8khz/984.wav,4.891258239746094,6.780934810638428
vnceleb-8khz/592.wav,6.078110218048096,1.9674755549203837e-06
vnceleb-8khz/534.wav,2.5474307537078857,3.221529960632324
vnceleb-8khz/749.wav,2.287574529647827,3.6738176345825195
vnceleb-8khz/560.wav,4.7552103996276855,3.825413703918457
vnceleb-8khz/879.wav,3.5162222385406494,0.16983899474143982
vnceleb-8khz/989.wav,2.9587981700897217,3.510119915008545
vnceleb-8khz/975.wav,2.896883726119995,0.8486222624778748
vnceleb-8khz/314.wav,4.630195617675781,1.039268568092666e-06
vnceleb-8khz/979.wav,7.3078413009643555,1.0219124435550953e-09
vnceleb-8khz/413.wav,0.008046075701713562,4.625021934509277
vnceleb-8khz/448.wav,3.0559442043304443,5.650206089019775
vnceleb-8khz/578.wav,4.175233364105225,9.268192291259766
vnceleb-8khz/824.wav,4.041418552398682,0.08512260019779205
vnceleb-8khz/863.wav,6.294666673056781e-05,3.3557722568511963
vnceleb-8khz/154.wav,0.0028496477752923965,3.56669545173645
vnceleb-8khz/795.wav,2.9074761867523193,0.2557031214237213
vnceleb-8khz/394.wav,4.599050521850586,4.1626973152160645
vnceleb-8khz/791.wav,0.16651612520217896,1.1644318103790283
vnceleb-8khz/633.wav,2.4908969402313232,0.0022159928921610117
vnceleb-8khz/937.wav,4.843658447265625,3.808336019515991
vnceleb-8khz/654.wav,3.999485969543457,7.383760452270508
vnceleb-8khz/830.wav,5.566987991333008,2.3787269592285156
vnceleb-8khz/660.wav,0.008581725880503654,0.03787437826395035
vnceleb-8khz/357.wav,3.122134208679199,3.39007568359375
vnceleb-8khz/92.wav,7.654385626665317e-06,2.988751173019409
vnceleb-8khz/610.wav,0.06647517532110214,0.056549590080976486
vnceleb-8khz/225.wav,3.5527408123016357,4.875870227813721
vnceleb-8khz/188.wav,3.85008315788582e-05,4.705099105834961
vnceleb-8khz/296.wav,0.010434356518089771,0.05454942584037781
vnceleb-8khz/96.wav,5.060275077819824,5.282598495483398
vnceleb-8khz/33.wav,6.644091606140137,8.020090103149414
vnceleb-8khz/270.wav,0.23050056397914886,2.519178867340088
vnceleb-8khz/460.wav,2.1080334186553955,0.0006075565470382571
vnceleb-8khz/366.wav,3.8493845462799072,6.313662528991699
vnceleb-8khz/11.wav,7.1106462478637695,5.9650774002075195
vnceleb-8khz/752.wav,5.1262969970703125,3.7631797790527344
vnceleb-8khz/532.wav,0.008520525880157948,0.8738112449645996
vnceleb-8khz/472.wav,1.177532434463501,2.7400529384613037
vnceleb-8khz/295.wav,6.823497772216797,4.939563751220703
vnceleb-8khz/913.wav,1.1674313071807774e-07,8.113739013671875
vnceleb-8khz/875.wav,0.006551313679665327,2.337695837020874
vnceleb-8khz/877.wav,3.1041197776794434,1.6784089803695679
vnceleb-8khz/55.wav,4.504277229309082,4.603492736816406
vnceleb-8khz/858.wav,0.27801960706710815,2.441016674041748
vnceleb-8khz/887.wav,6.099569797515869,0.19141358137130737
vnceleb-8khz/246.wav,4.984593868255615,6.601833035801974e-08
vnceleb-8khz/441.wav,1.684044599533081,0.000303000386338681
vnceleb-8khz/487.wav,2.622804095153697e-05,0.8851714134216309
vnceleb-8khz/919.wav,4.459057331085205,3.9258852005004883
vnceleb-8khz/36.wav,1.6066001653671265,4.497044086456299
vnceleb-8khz/659.wav,0.00012566482473630458,0.3244984745979309
vnceleb-8khz/897.wav,1.5414080619812012,1.498851997894235e-05
vnceleb-8khz/518.wav,1.4610261917114258,2.824501734721707e-06
vnceleb-8khz/516.wav,0.006845626514405012,0.013685516081750393
vnceleb-8khz/771.wav,0.04169503599405289,0.1569225788116455
vnceleb-8khz/28.wav,6.791802406311035,4.830208778381348
vnceleb-8khz/207.wav,6.195117950439453,6.077028274536133
vnceleb-8khz/418.wav,3.4102485179901123,4.732591152191162
vnceleb-8khz/7.wav,3.4019277095794678,5.531464099884033
vnceleb-8khz/373.wav,4.3523574277060106e-05,0.08216673135757446
vnceleb-8khz/163.wav,3.557842969894409,1.3625361919403076
vnceleb-8khz/132.wav,4.5308661460876465,8.775967597961426
vnceleb-8khz/939.wav,0.0001077008419088088,9.009331703186035
vnceleb-8khz/304.wav,5.149786949157715,4.155862331390381
vnceleb-8khz/303.wav,0.0036878506653010845,0.01249079778790474
vnceleb-8khz/375.wav,3.578929901123047,0.00036909012123942375
vnceleb-8khz/686.wav,2.7587392330169678,1.1759968996047974
vnceleb-8khz/781.wav,1.3354045152664185,0.0029200382996350527
vnceleb-8khz/581.wav,2.856032371520996,0.8275073170661926
vnceleb-8khz/103.wav,0.5219264030456543,0.027403200045228004
vnceleb-8khz/992.wav,0.9279906153678894,0.7951443791389465
vnceleb-8khz/955.wav,0.4111940860748291,2.923269510269165
vnceleb-8khz/348.wav,6.038973808288574,4.190101146697998
vnceleb-8khz/609.wav,0.0005664208438247442,4.556883811950684
vnceleb-8khz/155.wav,4.736047744750977,0.06148381158709526
vnceleb-8khz/558.wav,5.1815338134765625,0.9538546204566956
vnceleb-8khz/203.wav,0.005434336606413126,0.00016382828471250832
vnceleb-8khz/867.wav,5.4949750900268555,3.271367073059082
vnceleb-8khz/465.wav,0.24702025949954987,3.6322735468274914e-06
vnceleb-8khz/714.wav,0.11656559258699417,1.2440333366394043
vnceleb-8khz/579.wav,0.20981192588806152,1.6302423477172852
vnceleb-8khz/231.wav,3.088146686553955,0.39482906460762024
vnceleb-8khz/57.wav,4.602597236633301,4.3998807960736463e-13
vnceleb-8khz/778.wav,6.949222006369382e-05,8.967350959777832
vnceleb-8khz/486.wav,3.0704102516174316,3.4439148902893066
vnceleb-8khz/704.wav,3.6088297367095947,0.4644779860973358
vnceleb-8khz/630.wav,0.010222158394753933,0.005650858394801617
vnceleb-8khz/131.wav,4.671574115753174,0.005109522026032209
vnceleb-8khz/104.wav,0.010389897972345352,7.406386852264404
vnceleb-8khz/377.wav,9.947743819793686e-07,0.995070219039917
vnceleb-8khz/844.wav,0.403046578168869,0.0009585200459696352
vnceleb-8khz/284.wav,0.001988645177334547,7.424130916595459
vnceleb-8khz/293.wav,1.566164493560791,2.458320140838623
vnceleb-8khz/379.wav,2.6273984909057617,3.196974754333496
vnceleb-8khz/477.wav,0.3911608159542084,3.02052640914917
vnceleb-8khz/554.wav,0.0001947972341440618,2.014679193496704
vnceleb-8khz/25.wav,6.427927494049072,5.070329666137695
vnceleb-8khz/871.wav,3.193899393081665,0.00023477248032577336
vnceleb-8khz/142.wav,3.362248719440686e-07,6.743155479431152
vnceleb-8khz/214.wav,2.981276512145996,0.0011007980210706592
vnceleb-8khz/889.wav,9.464723689234233e-07,0.00033992453245446086
vnceleb-8khz/367.wav,9.638287945534785e-10,9.278390280087478e-06
vnceleb-8khz/862.wav,1.1560245752334595,6.93610143661499
vnceleb-8khz/848.wav,6.386946678161621,5.475768566131592
vnceleb-8khz/567.wav,6.181429768048474e-08,3.317181267448177e-07
vnceleb-8khz/122.wav,3.5555598287828616e-07,4.416731371748028e-06
vnceleb-8khz/585.wav,7.239375114440918,1.50457185554842e-06
vnceleb-8khz/301.wav,4.0522356033325195,0.019542137160897255
vnceleb-8khz/52.wav,4.072537422180176,7.125254154205322
vnceleb-8khz/259.wav,0.07334007322788239,1.2032551239826716e-05
vnceleb-8khz/341.wav,0.2699723541736603,2.8189187049865723
vnceleb-8khz/807.wav,4.940484046936035,2.946196218545083e-06
vnceleb-8khz/736.wav,0.026765039190649986,1.7783118892111816e-05
vnceleb-8khz/963.wav,0.22400490939617157,6.0574235916137695
vnceleb-8khz/187.wav,3.536508560180664,4.916947841644287
vnceleb-8khz/144.wav,2.6646981239318848,5.29170560836792
vnceleb-8khz/528.wav,6.83994197845459,4.685486316680908
vnceleb-8khz/405.wav,5.414252758026123,1.603102873559692e-06
vnceleb-8khz/247.wav,2.918745279312134,0.006283978931605816
vnceleb-8khz/515.wav,9.59616470336914,2.0436289560166188e-05
vnceleb-8khz/151.wav,0.0029799649491906166,0.04917182773351669
vnceleb-8khz/874.wav,0.002528844866901636,9.810082701733336e-07
vnceleb-8khz/352.wav,8.837821960449219,5.761306285858154
vnceleb-8khz/837.wav,4.377450942993164,4.640422344207764
vnceleb-8khz/529.wav,3.381575345993042,4.231328964233398
vnceleb-8khz/845.wav,2.3532445430755615,0.03580436855554581
vnceleb-8khz/218.wav,6.104227066040039,6.163374900817871
vnceleb-8khz/383.wav,5.195982456207275,3.9033737182617188
vnceleb-8khz/523.wav,4.088496685028076,0.00010014628787757829
vnceleb-8khz/981.wav,0.00032445311080664396,0.00034059002064168453
vnceleb-8khz/908.wav,9.832176208496094,1.6672382116666995e-05
vnceleb-8khz/243.wav,6.507201194763184,6.0567498207092285
vnceleb-8khz/764.wav,2.010465383529663,3.5990116596221924
vnceleb-8khz/390.wav,1.660811185836792,0.5579791069030762
vnceleb-8khz/947.wav,1.2575826985994354e-05,0.0030041607096791267
vnceleb-8khz/656.wav,0.0004708151682280004,5.970623988105217e-06
vnceleb-8khz/682.wav,3.2137866020202637,4.395532131195068
vnceleb-8khz/545.wav,1.6031978130340576,2.938638210296631
vnceleb-8khz/420.wav,0.9149777293205261,6.566992282867432
vnceleb-8khz/591.wav,2.9677045345306396,3.2256898880004883
vnceleb-8khz/323.wav,6.358869552612305,1.0732481479644775
vnceleb-8khz/772.wav,8.19066047668457,9.778325080871582
vnceleb-8khz/123.wav,5.86059045791626,4.2606377601623535
vnceleb-8khz/426.wav,5.0421247482299805,1.617136035747535e-06
vnceleb-8khz/398.wav,0.9560536742210388,0.00010863968782359734
vnceleb-8khz/614.wav,2.0075252056121826,1.0440151691436768
vnceleb-8khz/596.wav,1.012281894683838,0.0109513895586133
vnceleb-8khz/798.wav,0.0066057173535227776,3.701855182647705
vnceleb-8khz/648.wav,0.005364818964153528,6.781714887438284e-07
vnceleb-8khz/200.wav,5.390608310699463,0.00011920052929781377
vnceleb-8khz/828.wav,6.628718852996826,3.504049301147461
vnceleb-8khz/495.wav,2.0165440218988806e-05,1.1107966899871826
vnceleb-8khz/536.wav,0.0005633460241369903,1.3338595628738403
vnceleb-8khz/120.wav,1.8089284896850586,3.9557666778564453
vnceleb-8khz/62.wav,1.0259702776238555e-06,5.907410560723747e-09
vnceleb-8khz/953.wav,1.4700188636779785,0.0012959942687302828
vnceleb-8khz/274.wav,0.021196745336055756,0.0015586625086143613
vnceleb-8khz/89.wav,0.4905749559402466,2.6494603157043457
vnceleb-8khz/268.wav,4.489252090454102,0.9464055299758911
vnceleb-8khz/929.wav,6.473795656347647e-05,9.478294372558594
vnceleb-8khz/725.wav,5.547893047332764,0.0008933383505791426
vnceleb-8khz/168.wav,2.917417526245117,6.029126167297363
vnceleb-8khz/662.wav,2.469820737838745,4.306485652923584
vnceleb-8khz/706.wav,0.0004628266906365752,9.120733261108398
vnceleb-8khz/861.wav,1.9286952018737793,7.46811565477401e-07
vnceleb-8khz/84.wav,4.604542482411489e-05,4.1447906494140625
vnceleb-8khz/623.wav,4.178434371948242,3.736905097961426
vnceleb-8khz/430.wav,1.477456180509762e-06,2.6589274406433105
vnceleb-8khz/598.wav,1.1697431802749634,8.385726928710938
vnceleb-8khz/280.wav,1.0919747239768185e-07,0.8284098505973816
vnceleb-8khz/689.wav,7.05831325831241e-07,0.0011319584446027875
vnceleb-8khz/170.wav,2.8760175704956055,5.339452743530273
vnceleb-8khz/627.wav,0.0032011631410568953,0.0007348734652623534
vnceleb-8khz/550.wav,5.425274848937988,9.792677085895818e-11
vnceleb-8khz/5.wav,7.448674201965332,8.648346900939941
vnceleb-8khz/741.wav,3.7192797660827637,0.07842527329921722
vnceleb-8khz/145.wav,2.6040773391723633,4.03623628616333
vnceleb-8khz/510.wav,3.1073415279388428,1.0874013900756836
vnceleb-8khz/758.wav,4.078115463256836,4.0887837409973145
vnceleb-8khz/269.wav,2.0492520332336426,1.7662317752838135
vnceleb-8khz/583.wav,0.024318622425198555,0.00010190734610660002
vnceleb-8khz/612.wav,0.6109976768493652,5.166038619108804e-08
vnceleb-8khz/999.wav,3.569288730621338,4.274148464202881
vnceleb-8khz/172.wav,3.1757571697235107,7.25147008895874
vnceleb-8khz/886.wav,1.0112775564193726,1.2770588397979736
vnceleb-8khz/244.wav,0.6005452871322632,0.04315529763698578
vnceleb-8khz/353.wav,5.323193073272705,2.6602471336900635e-09
vnceleb-8khz/784.wav,1.009669303894043,9.6596559160389e-06
vnceleb-8khz/622.wav,3.954293966293335,5.713150978088379
vnceleb-8khz/215.wav,0.00040938123129308224,0.001848807791247964
vnceleb-8khz/991.wav,3.7802867889404297,4.785176315635908e-06
vnceleb-8khz/770.wav,6.7158918380737305,5.481415271759033
vnceleb-8khz/95.wav,0.001779815531335771,0.017195548862218857
vnceleb-8khz/273.wav,5.510241985321045,4.784501552581787
vnceleb-8khz/564.wav,2.7291712760925293,5.79967737197876
vnceleb-8khz/359.wav,2.9436566829681396,0.06912811845541
vnceleb-8khz/488.wav,4.716626167297363,2.410661458969116
vnceleb-8khz/634.wav,3.178797721862793,0.8258990049362183
vnceleb-8khz/616.wav,6.6284894943237305,3.907068557573723e-10
vnceleb-8khz/786.wav,3.1208060136123095e-08,0.004507387988269329
vnceleb-8khz/694.wav,0.03238263353705406,0.029260527342557907
vnceleb-8khz/996.wav,0.0004101037629880011,2.7797226905822754
vnceleb-8khz/893.wav,3.798121929168701,5.198184967041016
vnceleb-8khz/438.wav,3.720299762699497e-11,1.2612586530735825e-08
vnceleb-8khz/750.wav,3.4010493755340576,2.9121856689453125
vnceleb-8khz/859.wav,5.140179634094238,1.827282428741455
vnceleb-8khz/345.wav,4.770529747009277,0.0034843513276427984
vnceleb-8khz/109.wav,4.367605686187744,0.1511809229850769
vnceleb-8khz/640.wav,6.926586627960205,5.972377777099609
vnceleb-8khz/83.wav,0.813475489616394,0.5130248665809631
vnceleb-8khz/580.wav,2.8837738037109375,0.8991093635559082
vnceleb-8khz/641.wav,3.929205894470215,4.340196132659912
vnceleb-8khz/639.wav,2.2982189655303955,1.2405134439468384
vnceleb-8khz/546.wav,0.21691003441810608,4.1466169357299805
vnceleb-8khz/221.wav,0.882236123085022,2.2695583538734354e-05
vnceleb-8khz/956.wav,1.097769856452942,0.26847606897354126
vnceleb-8khz/790.wav,4.942015171051025,0.007856203243136406
vnceleb-8khz/669.wav,5.286711692810059,4.168633460998535
vnceleb-8khz/356.wav,0.12663161754608154,8.406116485595703
vnceleb-8khz/294.wav,0.0002656772849150002,0.0005820011720061302
vnceleb-8khz/522.wav,0.0006784604047425091,3.3507280349731445
vnceleb-8khz/146.wav,2.105513334274292,0.019829964265227318
vnceleb-8khz/802.wav,2.8175714015960693,5.380568504333496
vnceleb-8khz/621.wav,6.0181989669799805,2.319368362426758
vnceleb-8khz/774.wav,0.0007253600633703172,6.185807704925537
vnceleb-8khz/822.wav,6.597813606262207,3.2506417483091354e-05
vnceleb-8khz/130.wav,1.0326898097991943,2.599268913269043
vnceleb-8khz/933.wav,0.008273668587207794,2.290077645739075e-06
vnceleb-8khz/252.wav,1.966480522241909e-05,0.015013272874057293
vnceleb-8khz/325.wav,0.676418662071228,3.6066675186157227
vnceleb-8khz/315.wav,1.4753252267837524,5.53936243057251
vnceleb-8khz/440.wav,5.727668285369873,5.4943156242370605
vnceleb-8khz/952.wav,9.632680892944336,7.38625240046531e-05
vnceleb-8khz/761.wav,1.1007509783667047e-05,0.07668773829936981
vnceleb-8khz/712.wav,2.045931816101074,4.514493465423584
vnceleb-8khz/657.wav,4.082517147064209,7.380261421203613
vnceleb-8khz/220.wav,3.405184507369995,0.020891379565000534
vnceleb-8khz/444.wav,3.589907169342041,5.223654747009277
vnceleb-8khz/15.wav,0.006179137155413628,0.020299648866057396
vnceleb-8khz/905.wav,3.3875045776367188,0.0213319044560194
vnceleb-8khz/435.wav,6.34019660949707,4.761670112609863
vnceleb-8khz/836.wav,4.226792812347412,0.061312541365623474
vnceleb-8khz/619.wav,6.821874618530273,2.883669376373291
vnceleb-8khz/344.wav,4.180782318115234,3.1029672622680664
vnceleb-8khz/265.wav,3.185289144515991,0.04670146852731705
vnceleb-8khz/787.wav,4.744988918304443,0.5472425222396851
vnceleb-8khz/566.wav,8.81466348801041e-06,1.1897750482603442e-06
vnceleb-8khz/631.wav,7.515777587890625,2.869044010367361e-06
vnceleb-8khz/803.wav,2.343433380126953,0.5509473085403442
vnceleb-8khz/779.wav,0.45553284883499146,1.5262115001678467
vnceleb-8khz/70.wav,0.46781641244888306,9.966073036193848
vnceleb-8khz/969.wav,3.9572548866271973,5.819707870483398
vnceleb-8khz/942.wav,5.2568220780813135e-06,1.7088134288787842
vnceleb-8khz/355.wav,2.8691225051879883,3.22482967376709
vnceleb-8khz/287.wav,3.59714412689209,5.420888555818237e-07
vnceleb-8khz/389.wav,2.51956844329834,6.172966480255127
vnceleb-8khz/865.wav,1.7143006324768066,0.49255818128585815
vnceleb-8khz/467.wav,0.1621987670660019,0.009347821585834026
vnceleb-8khz/26.wav,0.04653910547494888,0.888187825679779
vnceleb-8khz/239.wav,1.7806847095489502,0.30094364285469055
vnceleb-8khz/175.wav,1.4206807613372803,0.01513933576643467
vnceleb-8khz/644.wav,0.025830261409282684,0.1633947491645813
vnceleb-8khz/385.wav,0.002908901311457157,6.978216788411373e-06
vnceleb-8khz/590.wav,1.3497037798515521e-05,9.319669723510742
vnceleb-8khz/484.wav,1.9971909523010254,0.0006696459604427218
vnceleb-8khz/899.wav,5.89732551574707,5.491424083709717
vnceleb-8khz/832.wav,0.20919498801231384,1.0877485578930646e-07
vnceleb-8khz/672.wav,4.97099494934082,0.09754230082035065
vnceleb-8khz/680.wav,1.0532749911362771e-05,6.467403411865234
vnceleb-8khz/406.wav,2.5941009521484375,4.640759468078613
vnceleb-8khz/194.wav,7.150418281555176,1.650558590888977
vnceleb-8khz/927.wav,4.033680438995361,0.32297420501708984
vnceleb-8khz/245.wav,3.9623382091522217,5.051469326019287
vnceleb-8khz/128.wav,2.1164050068023244e-08,0.09840040653944016
vnceleb-8khz/324.wav,3.418741226196289,7.635425567626953
vnceleb-8khz/823.wav,1.352266849607986e-07,0.0002801110385917127
vnceleb-8khz/217.wav,2.9294018745422363,0.07844101637601852
vnceleb-8khz/124.wav,2.0891568660736084,4.006624698638916
vnceleb-8khz/797.wav,0.5971043705940247,1.9675625562667847
vnceleb-8khz/212.wav,0.15145786106586456,9.993034362792969
vnceleb-8khz/242.wav,0.6253761649131775,4.515620708465576
vnceleb-8khz/478.wav,3.0706839561462402,3.3151462078094482
vnceleb-8khz/121.wav,6.208384037017822,0.026913953945040703
vnceleb-8khz/976.wav,3.3230388164520264,5.319091796875
vnceleb-8khz/983.wav,0.0004645485314540565,8.374876022338867
vnceleb-8khz/240.wav,2.5271849632263184,1.6420882940292358
vnceleb-8khz/267.wav,5.6777459178647405e-08,0.13968287408351898
vnceleb-8khz/587.wav,0.13088294863700867,5.963107105344534e-05
vnceleb-8khz/491.wav,2.06687068939209,1.0535004138946533
vnceleb-8khz/509.wav,0.012075387872755527,6.192093849182129
vnceleb-8khz/557.wav,7.424707412719727,0.5919232368469238
vnceleb-8khz/747.wav,0.26725122332572937,2.999394416809082
vnceleb-8khz/827.wav,4.25812292098999,1.0820763111114502
vnceleb-8khz/381.wav,0.9465525150299072,0.007067115977406502
vnceleb-8khz/943.wav,0.02279604785144329,0.8586292266845703
vnceleb-8khz/111.wav,7.9140448570251465,0.9376484155654907
vnceleb-8khz/765.wav,0.00026598304975777864,0.18681272864341736
vnceleb-8khz/182.wav,5.270551681518555,0.05867290869355202
vnceleb-8khz/18.wav,3.526350498199463,5.5509138107299805
vnceleb-8khz/14.wav,4.448076248168945,7.409877777099609
vnceleb-8khz/464.wav,0.05411555618047714,1.434159755706787
vnceleb-8khz/24.wav,1.2044073343276978,0.5173453092575073
vnceleb-8khz/481.wav,0.0002626738278195262,0.0013210242614150047
vnceleb-8khz/457.wav,3.1913394927978516,0.16597184538841248
vnceleb-8khz/150.wav,1.307152706431225e-05,5.853291034698486
vnceleb-8khz/870.wav,6.567035675048828,0.04361549764871597
vnceleb-8khz/684.wav,5.604248523712158,0.06663767993450165
vnceleb-8khz/50.wav,0.5033164024353027,0.20591112971305847
vnceleb-8khz/29.wav,1.7657017451711e-05,0.10624490678310394
vnceleb-8khz/600.wav,6.412625985774412e-10,0.001661472488194704
vnceleb-8khz/335.wav,5.335590839385986,3.763366937637329
vnceleb-8khz/655.wav,0.9767237901687622,3.2060954570770264
vnceleb-8khz/350.wav,3.20755672454834,4.306105136871338
vnceleb-8khz/48.wav,0.2008616179227829,5.379946708679199
vnceleb-8khz/191.wav,3.9368629455566406,5.311644077301025
vnceleb-8khz/794.wav,4.275542736053467,0.00041958451038226485
vnceleb-8khz/480.wav,6.831809997558594,1.7269761562347412
vnceleb-8khz/302.wav,0.34140312671661377,0.0017801787471398711
vnceleb-8khz/696.wav,0.6509918570518494,0.05945700407028198
vnceleb-8khz/826.wav,1.9745442614294006e-07,2.321870852028951e-05
vnceleb-8khz/469.wav,1.370100498199463,1.7238314151763916
vnceleb-8khz/468.wav,1.2680770851147827e-05,0.006933172699064016
vnceleb-8khz/402.wav,0.018545689061284065,2.0729761123657227
vnceleb-8khz/327.wav,4.112174987792969,5.68153190612793
vnceleb-8khz/257.wav,4.733949184417725,4.7848388931015506e-05
vnceleb-8khz/473.wav,4.525632381439209,0.0012849074555560946
vnceleb-8khz/508.wav,0.16805309057235718,1.3181636333465576
vnceleb-8khz/664.wav,6.878545761108398,5.283322811126709
vnceleb-8khz/538.wav,4.596778869628906,8.216418266296387
vnceleb-8khz/821.wav,5.057381629943848,2.0856575965881348
vnceleb-8khz/910.wav,6.904892921447754,7.995787143707275
vnceleb-8khz/506.wav,0.39405718445777893,0.301190048456192
vnceleb-8khz/607.wav,0.03470740094780922,0.21083250641822815
vnceleb-8khz/995.wav,0.0016092207515612245,0.05294476076960564
vnceleb-8khz/724.wav,5.358038902282715,4.420516233949456e-06
vnceleb-8khz/671.wav,4.699448108673096,1.0225681066513062
vnceleb-8khz/683.wav,4.071000099182129,5.67598819732666
vnceleb-8khz/186.wav,2.587754726409912,4.228127479553223
vnceleb-8khz/731.wav,0.00017017962818499655,0.04551330581307411
vnceleb-8khz/439.wav,4.513533115386963,5.734127998352051
vnceleb-8khz/101.wav,3.8038957118988037,4.359300136566162
vnceleb-8khz/565.wav,0.0008604593458585441,7.7726359367370605
vnceleb-8khz/782.wav,0.0029111262410879135,0.029849693179130554
vnceleb-8khz/743.wav,9.958230972290039,9.476574897766113
vnceleb-8khz/760.wav,0.05207112431526184,0.0009490882512181997
vnceleb-8khz/45.wav,7.254036609083414e-05,0.0002166295307688415
vnceleb-8khz/290.wav,1.5295850038528442,3.3417725563049316
vnceleb-8khz/561.wav,4.594353786302463e-10,9.715765827422729e-07
vnceleb-8khz/16.wav,1.142603874206543,7.7409844398498535
vnceleb-8khz/254.wav,3.2871057987213135,5.388189947552746e-07
vnceleb-8khz/201.wav,0.9360244870185852,1.1410980224609375
vnceleb-8khz/321.wav,0.0028455755673348904,4.288495063781738
vnceleb-8khz/271.wav,0.00013520842185243964,0.04451102018356323
vnceleb-8khz/415.wav,3.201143264770508,0.07921478152275085
vnceleb-8khz/455.wav,4.051545143127441,5.816152095794678
vnceleb-8khz/962.wav,2.365194320678711,0.0070846728049218655
vnceleb-8khz/928.wav,1.2196778059005737,1.3028018474578857
vnceleb-8khz/873.wav,2.023800849914551,8.300056457519531
vnceleb-8khz/773.wav,9.757804870605469,0.09649209678173065
vnceleb-8khz/279.wav,4.855716228485107,4.231305122375488
vnceleb-8khz/362.wav,0.23533640801906586,0.036596983671188354
vnceleb-8khz/645.wav,2.2538115978240967,1.1774646043777466
vnceleb-8khz/922.wav,6.351808547973633,6.312826156616211
vnceleb-8khz/211.wav,2.940206527709961,0.06831967830657959
vnceleb-8khz/834.wav,6.6071553230285645,3.296354043413885e-05
vnceleb-8khz/223.wav,7.158699989318848,4.348875045776367
vnceleb-8khz/800.wav,5.283560276031494,3.756540298461914
vnceleb-8khz/649.wav,2.5457210540771484,0.015947561711072922
vnceleb-8khz/857.wav,0.2190094292163849,8.412452697753906
vnceleb-8khz/199.wav,0.0040776608511805534,0.00830463133752346
vnceleb-8khz/442.wav,7.042586326599121,1.261262696061749e-05
vnceleb-8khz/368.wav,8.62005615234375,9.421903610229492
vnceleb-8khz/19.wav,2.327800984858186e-06,0.014965912327170372
vnceleb-8khz/2.wav,2.7679874897003174,7.054996967315674
vnceleb-8khz/548.wav,7.760630130767822,0.0070485919713974
vnceleb-8khz/419.wav,5.721250057220459,0.6629980206489563
vnceleb-8khz/210.wav,1.123492956161499,0.12427002936601639
vnceleb-8khz/703.wav,0.002145241480320692,5.281799167278223e-05
vnceleb-8khz/971.wav,6.404709339141846,0.029837435111403465
vnceleb-8khz/213.wav,0.013553094118833542,4.614824320015032e-06
vnceleb-8khz/342.wav,4.584173202514648,2.204677104949951
vnceleb-8khz/883.wav,0.0003435549733694643,0.08412587642669678
vnceleb-8khz/30.wav,4.046267509460449,3.5184500217437744
vnceleb-8khz/61.wav,3.0633316040039062,4.377118110656738
vnceleb-8khz/958.wav,0.9659909605979919,3.0013978481292725
vnceleb-8khz/116.wav,2.9605839252471924,4.826870441436768
vnceleb-8khz/864.wav,7.004080295562744,8.65274429321289
vnceleb-8khz/22.wav,0.10108720511198044,6.017122745513916
vnceleb-8khz/833.wav,9.237956047058105,0.00021550367819145322
vnceleb-8khz/143.wav,6.749730587005615,9.357436283607967e-07
vnceleb-8khz/950.wav,0.029229745268821716,0.00608100276440382
vnceleb-8khz/475.wav,0.5188798308372498,0.45214271545410156
vnceleb-8khz/729.wav,2.533341407775879,6.924134254455566
vnceleb-8khz/452.wav,3.767390251159668,5.782352447509766
vnceleb-8khz/34.wav,3.4478039741516113,0.0033912858925759792
vnceleb-8khz/443.wav,0.003268599044531584,0.00014683888002764434
vnceleb-8khz/289.wav,5.9980082511901855,7.280449390411377
vnceleb-8khz/723.wav,4.224695682525635,9.335886001586914
vnceleb-8khz/262.wav,2.6248385906219482,0.6055753827095032
vnceleb-8khz/119.wav,5.269406318664551,5.688553333282471
vnceleb-8khz/205.wav,3.304853677749634,5.909329414367676
vnceleb-8khz/93.wav,4.415861621964723e-05,3.675276279449463
vnceleb-8khz/734.wav,0.43531060218811035,0.0010371041717007756
vnceleb-8khz/499.wav,8.389090538024902,0.0025391709059476852
vnceleb-8khz/456.wav,0.5787174105644226,0.011797025799751282
vnceleb-8khz/880.wav,3.4750678539276123,4.432643890380859
vnceleb-8khz/599.wav,0.0025173125322908163,3.231337308883667
vnceleb-8khz/365.wav,0.005157357081770897,0.02036615088582039
vnceleb-8khz/157.wav,2.1239030361175537,0.0003516894648782909
vnceleb-8khz/141.wav,0.0007097789784893394,0.00020534617942757905
vnceleb-8khz/635.wav,3.57273530960083,0.015188891440629959
vnceleb-8khz/766.wav,4.546623706817627,5.444631099700928
vnceleb-8khz/539.wav,1.5402326583862305,4.35781717300415
vnceleb-8khz/932.wav,0.8784730434417725,1.4578518867492676
vnceleb-8khz/256.wav,5.827722072601318,2.133709669113159
vnceleb-8khz/397.wav,2.643310785293579,7.456489402102306e-05
vnceleb-8khz/94.wav,5.489731788635254,7.400976181030273
vnceleb-8khz/317.wav,9.684530954956472e-12,4.777987427928565e-08
vnceleb-8khz/524.wav,9.981573104858398,3.0592759685532656e-06
vnceleb-8khz/118.wav,3.57372784614563,3.626873731613159
vnceleb-8khz/272.wav,4.137014865875244,3.8228354454040527
vnceleb-8khz/582.wav,6.101933479309082,6.99712909408845e-05
vnceleb-8khz/360.wav,0.0008910717442631721,3.5932226181030273
vnceleb-8khz/502.wav,4.35226583480835,3.927227020263672
vnceleb-8khz/87.wav,1.7694317122618486e-09,0.000273716141236946
vnceleb-8khz/921.wav,5.422119617462158,1.3030654191970825
vnceleb-8khz/6.wav,5.512133598327637,0.0027667416725307703
vnceleb-8khz/407.wav,0.0002999987336806953,0.0001800878089852631
vnceleb-8khz/918.wav,8.331655408255756e-06,6.925167083740234
vnceleb-8khz/424.wav,0.002763699507340789,1.7004971504211426
vnceleb-8khz/606.wav,0.9208284616470337,0.005139307584613562
vnceleb-8khz/173.wav,7.570557117462158,0.00016271871572826058
vnceleb-8khz/713.wav,0.03940775617957115,0.33897337317466736
vnceleb-8khz/982.wav,0.006166612263768911,0.7717376351356506
vnceleb-8khz/51.wav,0.0004613315686583519,0.21282723546028137
vnceleb-8khz/159.wav,3.5632987022399902,7.051163196563721
vnceleb-8khz/47.wav,4.8048529624938965,0.0007939223432913423
vnceleb-8khz/65.wav,3.715650796890259,4.1792144775390625
vnceleb-8khz/337.wav,1.36348295211792,6.353787899017334
vnceleb-8khz/113.wav,0.2655416429042816,5.28736686706543
vnceleb-8khz/489.wav,3.577728748321533,4.717058618552983e-05
vnceleb-8khz/860.wav,3.24116587638855,3.0111265182495117
vnceleb-8khz/401.wav,2.2672085762023926,3.3008450373017695e-06
vnceleb-8khz/189.wav,5.610413154499838e-06,0.006693223956972361
vnceleb-8khz/520.wav,0.0003047545033041388,3.9069466590881348
vnceleb-8khz/740.wav,7.761094570159912,0.09886234998703003
vnceleb-8khz/102.wav,0.9789475202560425,2.939612627029419
vnceleb-8khz/946.wav,2.1641833782196045,1.1056002378463745
vnceleb-8khz/986.wav,2.7499540919961873e-06,6.217642307281494
vnceleb-8khz/785.wav,5.74495792388916,2.916101720984443e-06
vnceleb-8khz/820.wav,0.06545289605855942,4.4100470542907715
vnceleb-8khz/605.wav,3.042961359024048,4.419354081619531e-05
vnceleb-8khz/792.wav,0.09050494432449341,3.493903568596579e-05
vnceleb-8khz/98.wav,2.438443183898926,0.12258845567703247
vnceleb-8khz/261.wav,6.685896396636963,1.2225265502929688
vnceleb-8khz/421.wav,3.5960195064544678,0.07619818300008774
vnceleb-8khz/446.wav,0.00302863959223032,6.663818359375
vnceleb-8khz/895.wav,2.6572017669677734,7.538990497589111
vnceleb-8khz/507.wav,4.940908908843994,5.111584186553955
vnceleb-8khz/987.wav,0.06216365471482277,0.0006295946659520268
vnceleb-8khz/978.wav,4.283353805541992,2.218968411793476e-11
vnceleb-8khz/537.wav,5.5211381912231445,5.1557528024659405e-08
vnceleb-8khz/647.wav,1.913958476507105e-05,4.0892837205319665e-06
vnceleb-8khz/329.wav,0.23551635444164276,0.1746019423007965
vnceleb-8khz/854.wav,7.293435096740723,1.7426146268844604
vnceleb-8khz/78.wav,4.856411457061768,0.9739630818367004
vnceleb-8khz/563.wav,0.01007866207510233,0.32396143674850464
vnceleb-8khz/482.wav,1.119132161140442,7.749271869659424
vnceleb-8khz/959.wav,3.7897496223449707,5.945889472961426
vnceleb-8khz/722.wav,2.196697950363159,5.479251861572266
vnceleb-8khz/949.wav,3.3231730461120605,0.5849934220314026
vnceleb-8khz/551.wav,0.03849666938185692,0.2509492337703705
vnceleb-8khz/720.wav,7.200296401977539,9.966172218322754
vnceleb-8khz/369.wav,3.921813488006592,3.790693759918213
vnceleb-8khz/222.wav,4.655154705047607,6.07584285736084
vnceleb-8khz/316.wav,5.804172906209715e-05,0.0007313345558941364
vnceleb-8khz/228.wav,4.317048072814941,0.08012957125902176
vnceleb-8khz/490.wav,0.004896580241620541,2.960393248940818e-05
vnceleb-8khz/998.wav,5.709836959838867,0.4345287084579468
vnceleb-8khz/158.wav,2.8274619579315186,2.658547878265381
vnceleb-8khz/117.wav,3.9580634620506316e-05,0.0004342906177043915
vnceleb-8khz/636.wav,0.003984321840107441,2.0875859263469465e-05
vnceleb-8khz/569.wav,4.4551277824211866e-05,4.788442611694336
vnceleb-8khz/42.wav,3.00960111618042,0.0002463970158714801
vnceleb-8khz/149.wav,1.4794303178787231,4.795101642608643
vnceleb-8khz/954.wav,3.7208714485168457,1.042564868927002
vnceleb-8khz/412.wav,2.5215003490448,3.5907039642333984
vnceleb-8khz/544.wav,1.794844627380371,8.356925010681152
vnceleb-8khz/719.wav,5.94933283082355e-07,9.882267951965332
vnceleb-8khz/148.wav,0.029781954362988472,0.00019908693502657115
vnceleb-8khz/665.wav,1.7245208024978638,1.0705645084381104
vnceleb-8khz/920.wav,4.980600357055664,0.0034814742393791676
vnceleb-8khz/519.wav,4.094656467437744,0.02694677747786045
vnceleb-8khz/574.wav,4.618869304656982,1.852265477180481
vnceleb-8khz/700.wav,2.1863999366760254,2.245694875717163
vnceleb-8khz/291.wav,6.044147491455078,0.1275521218776703
vnceleb-8khz/382.wav,4.986359119415283,5.032802581787109
vnceleb-8khz/236.wav,6.117244720458984,4.787673242390156e-05
vnceleb-8khz/673.wav,0.03745079040527344,0.05628575012087822
vnceleb-8khz/4.wav,0.2676631212234497,4.42348575592041
vnceleb-8khz/707.wav,4.043560981750488,9.726494789123535
vnceleb-8khz/715.wav,7.105000019073486,6.093252182006836
vnceleb-8khz/305.wav,3.290309429168701,6.125836372375488
vnceleb-8khz/670.wav,3.2421669960021973,1.205543230753392e-05
vnceleb-8khz/617.wav,7.257392883300781,0.0003150058910250664
vnceleb-8khz/692.wav,0.04230424389243126,0.8864269256591797
vnceleb-8khz/555.wav,3.6803781986236572,2.9916648864746094
vnceleb-8khz/573.wav,1.6506634950637817,5.036950588226318
vnceleb-8khz/177.wav,0.010609820485115051,9.161575317382812
vnceleb-8khz/687.wav,2.3912651538848877,4.180371284484863
vnceleb-8khz/241.wav,0.010880060493946075,5.597062110900879
vnceleb-8khz/588.wav,4.006821155548096,0.0055956183932721615
vnceleb-8khz/521.wav,2.7715398687178094e-07,0.0013916472671553493
vnceleb-8khz/106.wav,7.419189929962158,9.72529232967645e-06
vnceleb-8khz/190.wav,2.3203911781311035,0.002196880290284753
vnceleb-8khz/114.wav,8.987100601196289,0.029723718762397766
vnceleb-8khz/39.wav,3.1709656715393066,0.1615006923675537
vnceleb-8khz/433.wav,2.4773101806640625,0.031375400722026825
vnceleb-8khz/79.wav,2.6212973594665527,4.388238906860352
vnceleb-8khz/966.wav,0.5009627938270569,6.879037857055664
vnceleb-8khz/275.wav,7.835389988031238e-05,5.361009243642911e-06
vnceleb-8khz/388.wav,9.963656425476074,6.8684868812561035
vnceleb-8khz/282.wav,2.020225763320923,0.09779534488916397
vnceleb-8khz/479.wav,0.21598942577838898,7.039689364773949e-08
vnceleb-8khz/494.wav,5.607306957244873,0.13028967380523682
vnceleb-8khz/756.wav,9.969853401184082,7.234094619750977
vnceleb-8khz/308.wav,6.341235637664795,1.3039192708674818e-05
vnceleb-8khz/204.wav,0.001608643913641572,9.43130874633789
vnceleb-8khz/796.wav,5.38553524017334,0.022366521880030632
vnceleb-8khz/152.wav,0.5138318538665771,3.0892293580109254e-05
vnceleb-8khz/818.wav,0.016765089705586433,1.1144400835037231
vnceleb-8khz/597.wav,5.163961410522461,6.485933780670166
vnceleb-8khz/338.wav,4.889799118041992,9.941062927246094
vnceleb-8khz/618.wav,1.8068082332611084,4.127686500549316
vnceleb-8khz/801.wav,0.38196587562561035,5.888256072998047
vnceleb-8khz/409.wav,2.432328701019287,4.265155792236328
vnceleb-8khz/153.wav,5.59847354888916,4.130395412445068
vnceleb-8khz/878.wav,4.468681335449219,4.455775737762451
vnceleb-8khz/885.wav,5.040183067321777,0.012307152152061462
vnceleb-8khz/586.wav,0.08878468722105026,0.18084481358528137
vnceleb-8khz/553.wav,7.373662948608398,9.626193786971271e-05
vnceleb-8khz/831.wav,3.8447742462158203,2.8334221839904785
vnceleb-8khz/652.wav,9.98464584350586,0.0064290305599570274
vnceleb-8khz/470.wav,3.2180886268615723,0.04770325496792793
vnceleb-8khz/810.wav,9.549280166625977,2.2618521597905783e-06
vnceleb-8khz/768.wav,3.3051159381866455,1.245637059211731
vnceleb-8khz/980.wav,6.995310306549072,1.9664682149887085
vnceleb-8khz/185.wav,4.89806052428321e-06,5.869230881216936e-05
vnceleb-8khz/900.wav,6.328896522521973,0.002627443755045533
vnceleb-8khz/41.wav,0.6928961277008057,8.520477294921875
vnceleb-8khz/970.wav,2.4807863235473633,9.427441596984863
vnceleb-8khz/675.wav,0.0002896632649935782,0.37185612320899963
vnceleb-8khz/414.wav,0.00018162612104788423,0.659126341342926
vnceleb-8khz/849.wav,2.347628116607666,0.21376527845859528
vnceleb-8khz/965.wav,8.320375442504883,7.568726539611816
vnceleb-8khz/451.wav,0.8230918049812317,3.7618681290041422e-06
vnceleb-8khz/767.wav,4.302601337432861,5.819344997406006
vnceleb-8khz/466.wav,0.6591659784317017,0.38017717003822327
vnceleb-8khz/637.wav,1.0496608018875122,5.854196548461914
vnceleb-8khz/447.wav,0.08185405284166336,2.016979932785034
vnceleb-8khz/780.wav,3.5877468585968018,5.411307334899902
vnceleb-8khz/387.wav,4.0360941886901855,3.66062593460083
vnceleb-8khz/815.wav,0.08048979938030243,8.105886459350586
vnceleb-8khz/674.wav,2.6005935668945312,0.00016362342284992337
vnceleb-8khz/497.wav,3.8401241302490234,1.7795823812484741
vnceleb-8khz/23.wav,4.747469902038574,3.8654184341430664
vnceleb-8khz/576.wav,5.953577419859357e-05,8.333643563673832e-06
vnceleb-8khz/542.wav,5.740718841552734,4.195201873779297
vnceleb-8khz/594.wav,2.66072416305542,4.937338829040527
vnceleb-8khz/226.wav,4.478585720062256,2.8977136611938477
vnceleb-8khz/941.wav,5.029095649719238,3.5102450847625732
vnceleb-8khz/948.wav,2.3158679008483887,3.7276062965393066
vnceleb-8khz/100.wav,2.8747365474700928,0.29950249195098877
vnceleb-8khz/134.wav,2.997435785800917e-06,0.000250327488174662
vnceleb-8khz/13.wav,3.6063027381896973,4.823070526123047
vnceleb-8khz/663.wav,0.00016553270688746125,2.564333438873291
vnceleb-8khz/936.wav,0.0023641313891857862,0.20668253302574158
vnceleb-8khz/44.wav,0.0005575371324084699,0.0032886096742004156
vnceleb-8khz/319.wav,0.015339333564043045,0.0024703494273126125
vnceleb-8khz/755.wav,0.0001489158603362739,9.594670700607821e-06
vnceleb-8khz/97.wav,2.2799363136291504,0.0825146958231926
vnceleb-8khz/658.wav,1.908897042274475,2.384554862976074
vnceleb-8khz/237.wav,7.80379104980966e-06,0.02241802215576172
vnceleb-8khz/483.wav,2.3298397064208984,0.003410479985177517
vnceleb-8khz/806.wav,2.140420913696289,0.013538507744669914
vnceleb-8khz/183.wav,0.41674190759658813,4.1121134757995605
vnceleb-8khz/59.wav,2.064873218536377,9.376869201660156
vnceleb-8khz/890.wav,5.6642351150512695,0.353179931640625
vnceleb-8khz/957.wav,2.4191477298736572,2.2524991035461426
vnceleb-8khz/853.wav,3.7622199058532715,3.2495369911193848
vnceleb-8khz/852.wav,0.23629990220069885,4.023670196533203
vnceleb-8khz/595.wav,5.19860315322876,3.819768190383911
vnceleb-8khz/347.wav,0.42093101143836975,3.7731144428253174
vnceleb-8khz/814.wav,2.573526382446289,3.6859896183013916
vnceleb-8khz/931.wav,5.95406436920166,3.594876766204834
vnceleb-8khz/575.wav,7.3803324699401855,0.07971665263175964
vnceleb-8khz/547.wav,5.228331565856934,6.690978527069092
vnceleb-8khz/973.wav,8.38480281829834,3.34115102305077e-05
vnceleb-8khz/872.wav,6.877999305725098,6.152647018432617
vnceleb-8khz/708.wav,2.583163261413574,5.899242401123047
vnceleb-8khz/527.wav,1.0672314167022705,4.7974443435668945
vnceleb-8khz/395.wav,5.096049785614014,5.777168273925781
vnceleb-8khz/312.wav,4.343067169189453,2.6902478111878736e-07
vnceleb-8khz/396.wav,3.6105852127075195,3.6781673431396484
vnceleb-8khz/229.wav,3.2161829471588135,1.052889347076416
vnceleb-8khz/901.wav,3.054962158203125,0.0002028834423981607
vnceleb-8khz/68.wav,4.837806701660156,0.0016395282000303268
vnceleb-8khz/184.wav,2.467477560043335,4.732223987579346
vnceleb-8khz/133.wav,2.6244304180145264,4.328830242156982
vnceleb-8khz/0.wav,0.14577610790729523,3.581508159637451
vnceleb-8khz/777.wav,0.9382307529449463,4.427426338195801
vnceleb-8khz/35.wav,5.496057510375977,4.751621723175049
vnceleb-8khz/730.wav,9.400370117873535e-07,7.732586860656738
vnceleb-8khz/702.wav,8.39826388983056e-05,1.4706466799907503e-06
vnceleb-8khz/556.wav,1.713420033454895,2.10772705078125
vnceleb-8khz/264.wav,0.020046066492795944,2.590364933013916
vnceleb-8khz/416.wav,3.787266731262207,4.715752601623535
vnceleb-8khz/884.wav,0.006191292777657509,0.004447891376912594
vnceleb-8khz/503.wav,0.0052420347929000854,2.2017007950125844e-07
vnceleb-8khz/813.wav,2.3551175594329834,4.7310204536188394e-05
vnceleb-8khz/945.wav,0.4068242013454437,0.19924220442771912
vnceleb-8khz/925.wav,3.3326430320739746,5.747804164886475
vnceleb-8khz/629.wav,2.099714517593384,3.213045358657837
vnceleb-8khz/253.wav,1.5013058185577393,3.277433395385742
vnceleb-8khz/429.wav,2.515711545944214,0.002873563440516591
vnceleb-8khz/638.wav,1.9914507865905762,7.787860454300244e-07
vnceleb-8khz/354.wav,0.00257337954826653,0.0007789368974044919
vnceleb-8khz/593.wav,3.520721912384033,3.386634349822998
vnceleb-8khz/611.wav,7.116530418395996,7.921515134512447e-06
vnceleb-8khz/914.wav,0.0036850108299404383,0.00023117265664041042
vnceleb-8khz/690.wav,4.438416004180908,3.1560263633728027
vnceleb-8khz/386.wav,1.0867607593536377,5.067751884460449
vnceleb-8khz/372.wav,1.2537627220153809,0.02442486397922039
vnceleb-8khz/63.wav,0.1623818427324295,0.17248320579528809
vnceleb-8khz/799.wav,0.19541622698307037,7.806780815124512
vnceleb-8khz/678.wav,4.0375165939331055,4.94356107711792
vnceleb-8khz/281.wav,2.1894476413726807,8.618729225418065e-06
vnceleb-8khz/604.wav,0.0004320681910030544,0.836876630783081
vnceleb-8khz/915.wav,2.0746684074401855,3.6990551948547363
vnceleb-8khz/233.wav,3.853543281555176,0.008881675079464912
vnceleb-8khz/882.wav,1.1103084034402855e-05,3.725189117176342e-06
vnceleb-8khz/167.wav,2.9691994190216064,0.012046989053487778
vnceleb-8khz/940.wav,2.0954670906066895,1.444847583770752
vnceleb-8khz/526.wav,0.10352575033903122,5.376814442570321e-07
vnceleb-8khz/624.wav,0.017250660806894302,0.004050857853144407
vnceleb-8khz/1.wav,0.0230593029409647,1.6261461496469565e-05
vnceleb-8khz/850.wav,3.649722099304199,5.864995956420898
vnceleb-8khz/531.wav,0.19024184346199036,8.48794174194336
vnceleb-8khz/677.wav,1.9165685176849365,5.492584228515625
vnceleb-8khz/450.wav,0.0011881550308316946,1.781691312789917
vnceleb-8khz/107.wav,3.7234325408935547,4.9285759925842285
vnceleb-8khz/336.wav,0.855802595615387,2.8417882919311523
vnceleb-8khz/358.wav,5.59166145324707,1.3147892951965332
vnceleb-8khz/804.wav,7.672504298561478e-11,1.3164415577193722e-05
vnceleb-8khz/748.wav,4.889562606811523,2.104503631591797
vnceleb-8khz/3.wav,3.3303894996643066,0.012161261402070522
vnceleb-8khz/934.wav,0.09449027478694916,0.022899486124515533
vnceleb-8khz/643.wav,3.112234592437744,6.394842147827148
vnceleb-8khz/685.wav,0.06998255848884583,1.4660270153399324e-06
vnceleb-8khz/667.wav,5.56871818844229e-05,4.00777530670166
vnceleb-8khz/66.wav,4.482232570648193,6.4853835105896
vnceleb-8khz/601.wav,5.252821922302246,6.569769859313965
vnceleb-8khz/688.wav,8.630115509033203,4.06980562210083
vnceleb-8khz/533.wav,0.003678258042782545,3.43060040473938
vnceleb-8khz/746.wav,3.834228664345574e-06,0.07920308411121368
vnceleb-8khz/808.wav,0.00018610488041304052,0.03362741321325302
vnceleb-8khz/322.wav,5.714319229125977,0.0009784398134797812
vnceleb-8khz/400.wav,0.0030715155880898237,0.04227817803621292
vnceleb-8khz/198.wav,3.1064834594726562,0.0011443633120507002
vnceleb-8khz/944.wav,0.051234591752290726,1.1099309921264648
vnceleb-8khz/313.wav,0.019382650032639503,5.560215950012207
vnceleb-8khz/411.wav,0.01115624699741602,3.8935353755950928
vnceleb-8khz/513.wav,0.020151320844888687,0.4571532607078552
vnceleb-8khz/40.wav,0.015925811603665352,5.265414237976074
vnceleb-8khz/27.wav,0.4359956383705139,4.070454120635986
vnceleb-8khz/511.wav,3.2737433910369873,3.144805669784546
vnceleb-8khz/727.wav,1.979995846748352,2.5527236461639404
vnceleb-8khz/866.wav,1.0466482791571252e-07,0.3161808252334595
vnceleb-8khz/990.wav,4.195433616638184,1.4837594335403992e-06
vnceleb-8khz/320.wav,0.0009342177654616535,0.13185083866119385
vnceleb-8khz/964.wav,3.822970390319824,3.275258779525757
vnceleb-8khz/571.wav,3.048340320587158,5.094413757324219
vnceleb-8khz/434.wav,3.848893642425537,2.689483404159546
vnceleb-8khz/370.wav,0.0050327107310295105,0.04477361589670181
vnceleb-8khz/255.wav,4.438720703125,5.876079082489014
vnceleb-8khz/896.wav,3.7280707359313965,3.683408498764038
vnceleb-8khz/343.wav,2.7140214443206787,6.017486572265625
vnceleb-8khz/392.wav,0.6561715602874756,4.972887836629525e-05
vnceleb-8khz/81.wav,2.1626996994018555,6.3100152015686035
vnceleb-8khz/234.wav,2.1566624641418457,0.9058675169944763
vnceleb-8khz/709.wav,1.7003096672851825e-06,0.03831522539258003
vnceleb-8khz/46.wav,1.0860122442245483,7.114630699157715
vnceleb-8khz/912.wav,3.952458143234253,4.842691898345947
vnceleb-8khz/811.wav,0.0003558111493475735,5.697223663330078
vnceleb-8khz/80.wav,4.856753332838082e-10,0.10616974532604218
vnceleb-8khz/73.wav,4.49298095703125,4.844339847564697
vnceleb-8khz/732.wav,9.427597045898438,0.9426721930503845
vnceleb-8khz/894.wav,5.153156280517578,2.9177732467651367
vnceleb-8khz/136.wav,0.002892664633691311,0.0015380184631794691
vnceleb-8khz/993.wav,2.5238571166992188,0.17000499367713928
vnceleb-8khz/105.wav,4.435689449310303,7.727431297302246
vnceleb-8khz/584.wav,4.2209930419921875,2.430522727081552e-06
vnceleb-8khz/74.wav,1.335376262664795,2.892453908920288
vnceleb-8khz/679.wav,2.520608425140381,4.916615962982178
vnceleb-8khz/666.wav,3.912152051925659,6.390859603881836
vnceleb-8khz/71.wav,5.803553581237793,0.507335901260376
vnceleb-8khz/650.wav,0.010576007887721062,2.58955878962297e-06
vnceleb-8khz/997.wav,7.921852329673129e-08,0.0029843465890735388
vnceleb-8khz/85.wav,2.0328595638275146,1.693219253695588e-08
vnceleb-8khz/733.wav,5.913651466369629,3.8612594604492188
vnceleb-8khz/543.wav,0.0002521690330468118,0.7126757502555847
vnceleb-8khz/891.wav,0.7715579867362976,0.030901987105607986
vnceleb-8khz/292.wav,7.219781398773193,0.000586136186029762
vnceleb-8khz/169.wav,5.100430965423584,7.300662040710449
vnceleb-8khz/99.wav,0.8106324672698975,0.043137289583683014
vnceleb-8khz/462.wav,1.4690015316009521,0.823095440864563
vnceleb-8khz/620.wav,3.4237024784088135,2.2220630645751953
vnceleb-8khz/985.wav,3.3111917972564697,1.7428174018859863
vnceleb-8khz/166.wav,1.115515947341919,5.31602668762207
vnceleb-8khz/129.wav,6.567689895629883,4.804264545440674
vnceleb-8khz/428.wav,0.16191132366657257,0.0038421261124312878
vnceleb-8khz/364.wav,2.4162256717681885,2.76397705078125
vnceleb-8khz/425.wav,6.531054496765137,2.1315815956768347e-07
vnceleb-8khz/541.wav,1.6486192180309445e-06,1.2163783311843872
vnceleb-8khz/805.wav,5.105268955230713,6.6149420738220215
vnceleb-8khz/608.wav,3.978719472885132,1.0478482246398926
vnceleb-8khz/147.wav,4.570087909698486,0.26992732286453247
vnceleb-8khz/277.wav,5.392770290374756,1.9549205303192139
vnceleb-8khz/10.wav,0.15984198451042175,6.056451820768416e-05
vnceleb-8khz/346.wav,1.7749114249454578e-06,1.4563737238404428e-07
vnceleb-8khz/208.wav,1.9520366191864014,0.0009362993878312409
vnceleb-8khz/843.wav,4.687222480773926,9.022604942321777
vnceleb-8khz/603.wav,1.174363205791451e-05,0.8160568475723267
vnceleb-8khz/77.wav,5.138845920562744,4.767281532287598
vnceleb-8khz/892.wav,4.762506008148193,1.914119005203247
vnceleb-8khz/517.wav,4.13753080368042,5.543708324432373
vnceleb-8khz/589.wav,0.04712832719087601,4.27083158493042
vnceleb-8khz/540.wav,3.161665439605713,4.382087707519531
vnceleb-8khz/923.wav,1.7573477029800415,0.09380676597356796
vnceleb-8khz/179.wav,1.5505058765411377,1.958687562364503e-06
vnceleb-8khz/809.wav,4.371773719787598,2.7547030448913574
vnceleb-8khz/559.wav,0.15332314372062683,4.2978057861328125
vnceleb-8khz/391.wav,0.17174971103668213,5.178755760192871
vnceleb-8khz/705.wav,4.551883697509766,1.6162307262420654
vnceleb-8khz/906.wav,6.5996551513671875,0.008287196047604084
vnceleb-8khz/54.wav,5.887021064758301,4.277532577514648
vnceleb-8khz/334.wav,1.7843258380889893,0.3275975286960602
vnceleb-8khz/763.wav,0.05759691819548607,3.4856250286102295
vnceleb-8khz/626.wav,3.3963098526000977,4.784278869628906
vnceleb-8khz/642.wav,1.1189173460006714,0.17676320672035217
vnceleb-8khz/492.wav,5.597425456471683e-07,0.8100593686103821
vnceleb-8khz/474.wav,3.9008376598358154,0.09643524885177612
vnceleb-8khz/751.wav,1.1367226839065552,4.56925106048584
vnceleb-8khz/378.wav,0.00022508343681693077,1.9031689167022705
vnceleb-8khz/793.wav,4.878236770629883,4.738760471343994
vnceleb-8khz/361.wav,8.744715690612793,4.4122494728071615e-05
vnceleb-8khz/819.wav,2.4976752683869563e-06,4.623505592346191
vnceleb-8khz/43.wav,0.00022461876505985856,2.5959107875823975
vnceleb-8khz/176.wav,2.7749218940734863,4.728315353393555
vnceleb-8khz/393.wav,4.540657997131348,7.534030914306641
vnceleb-8khz/711.wav,3.2611284255981445,0.17886894941329956
vnceleb-8khz/174.wav,0.4652199149131775,0.8023572564125061
vnceleb-8khz/171.wav,0.0016827975632622838,3.979643224738538e-06
vnceleb-8khz/967.wav,2.6214089393615723,1.4876031875610352
vnceleb-8khz/20.wav,1.0765056610107422,0.9334050416946411
vnceleb-8khz/512.wav,0.007083646021783352,1.162951946258545
vnceleb-8khz/628.wav,1.94776202988578e-05,2.2156848907470703
vnceleb-8khz/525.wav,3.268275737762451,5.040160179138184
vnceleb-8khz/812.wav,9.9149169921875,6.500205039978027
vnceleb-8khz/951.wav,2.5814967155456543,1.137387990951538
vnceleb-8khz/86.wav,1.0658681392669678,8.755644798278809
vnceleb-8khz/839.wav,0.026090553030371666,0.984589159488678
vnceleb-8khz/408.wav,5.053603649139404,7.52182531869039e-05
vnceleb-8khz/60.wav,7.004871368408203,0.5329310894012451
vnceleb-8khz/530.wav,0.05468200519680977,1.6423470973968506
vnceleb-8khz/744.wav,2.082026958465576,0.00018978789739776403
vnceleb-8khz/161.wav,3.7208340167999268,0.320343941450119
vnceleb-8khz/9.wav,1.2741905450820923,5.609811782836914
vnceleb-8khz/251.wav,0.6137831211090088,1.1279903650283813
vnceleb-8khz/417.wav,6.514491081237793,0.5241947770118713
vnceleb-8khz/127.wav,0.002566716866567731,0.12401368468999863
vnceleb-8khz/82.wav,6.97383451461792,0.00284354155883193
vnceleb-8khz/90.wav,7.421995162963867,8.688197135925293
